timestamp,00,01,02,03,04,05,06,07,08
2018-09-25,70,97,30,52,116,176,142,69,53
2018-09-26,81,97,31,51,135,161,143,59,32
2018-09-27,86,109,33,51,133,173,150,92,25
2018-09-28,83,151,39,55,128,176,164,87,33
2018-09-29,92,162,34,59,114,157,165,90,37
2018-09-30,93,162,36,61,115,157,163,97,42
2018-10-01,87,161,35,60,116,156,158,100,40
2018-10-02,77,168,28,47,124,134,151,114,36
2018-10-03,106,176,33,43,107,132,167,127,38
2018-10-04,106,194,37,42,117,117,191,81,42
2018-10-05,125,170,34,37,111,117,177,79,40
2018-10-06,130,178,38,41,111,123,178,80,39
2018-10-07,130,171,36,41,110,120,179,76,33
2018-10-08,126,170,38,45,110,120,179,65,32
2018-10-09,111,158,33,48,91,131,180,48,27
2018-10-10,134,172,42,59,98,142,178,37,28
2018-10-11,117,152,39,57,81,161,155,72,34
2018-10-12,104,139,37,59,78,152,165,76,40
2018-10-13,99,130,41,58,80,141,173,77,50
2018-10-14,102,130,42,54,81,154,171,79,51
2018-10-15,84,127,40,54,80,162,184,77,48
2018-10-16,72,142,45,55,90,165,206,88,67
2018-10-17,80,120,39,53,99,176,230,93,70
2018-10-18,92,117,41,58,117,196,270,53,69
2018-10-19,117,112,40,52,129,229,298,85,71
2018-10-20,134,110,39,55,128,238,290,79,127
2018-10-21,132,108,38,54,134,224,286,79,135
2018-10-22,118,108,38,53,129,220,276,72,114
2018-10-23,141,95,32,51,125,220,246,83,115
2018-10-24,138,107,29,47,111,204,214,75,110
2018-10-25,109,105,24,39,99,180,172,111,104
2018-10-26,93,98,21,42,84,153,136,104,36
2018-10-27,104,95,32,41,89,143,126,113,43
2018-10-28,102,98,33,42,82,143,130,107,34
2018-10-29,81,97,35,37,85,141,124,104,32
2018-10-30,65,85,39,40,95,133,118,108,30
2018-10-31,67,66,48,43,95,133,111,102,81
2018-11-01,72,52,47,42,93,123,103,74,77
2018-11-02,65,57,48,51,102,127,100,72,72
2018-11-03,58,57,40,64,90,133,106,77,61
2018-11-04,58,55,40,64,91,131,102,76,76
2018-11-05,49,52,37,64,92,129,108,72,76
2018-11-06,61,58,36,64,81,128,113,62,73
2018-11-07,118,75,32,72,68,125,127,61,39
2018-11-08,134,85,35,70,78,136,129,60,43
2018-11-09,151,87,38,55,73,132,131,58,48
2018-11-10,154,94,36,47,77,119,130,56,48
2018-11-11,153,97,37,48,78,122,131,54,41
2018-11-12,146,95,38,46,78,121,129,54,39
2018-11-13,110,89,30,35,72,131,138,49,28
2018-11-14,83,88,23,34,73,137,121,49,34
2018-11-15,69,89,24,37,66,137,121,40,31
2018-11-16,67,83,22,40,56,125,111,34,31
2018-11-17,62,77,19,43,58,124,95,32,36
2018-11-18,63,75,18,41,58,125,100,34,33
2018-11-19,61,77,19,39,54,129,104,35,31
2018-11-20,62,80,17,45,53,120,97,44,36
2018-11-21,49,72,21,43,65,116,101,60,29
2018-11-22,44,68,24,55,58,135,100,63,25
2018-11-23,48,88,25,57,62,151,116,58,23
2018-11-24,56,95,34,62,65,178,139,76,31
2018-11-25,58,100,33,65,61,181,136,72,27
2018-11-26,53,92,34,63,62,174,128,69,23
2018-11-27,60,101,36,59,65,176,124,79,19
2018-11-28,79,112,32,62,62,187,121,69,23
2018-11-29,76,110,28,43,58,164,132,64,24
2018-11-30,102,103,31,44,61,160,121,75,21
2018-12-01,99,101,34,43,62,145,108,64,50
2018-12-02,97,97,34,41,64,141,107,63,65
2018-12-03,90,97,33,41,62,142,106,58,63
2018-12-04,98,84,34,41,61,138,106,41,60
2018-12-05,131,90,40,48,59,126,113,48,65
2018-12-06,139,96,40,59,66,122,108,64,65
2018-12-07,118,104,34,58,70,113,107,59,66
2018-12-08,141,98,29,62,83,118,115,65,39
2018-12-09,138,94,29,61,83,120,114,68,31
2018-12-10,138,91,27,56,87,125,114,67,33
2018-12-11,117,84,23,56,88,121,114,74,35
2018-12-12,92,78,16,54,90,126,112,55,54
2018-12-13,82,79,14,45,93,133,106,57,72
2018-12-14,73,83,14,44,89,146,114,56,73
2018-12-15,75,92,22,49,73,152,109,66,88
2018-12-16,82,97,22,50,73,147,108,67,86
2018-12-17,78,97,22,48,70,146,110,63,91
2018-12-18,87,98,23,46,62,137,98,65,77
2018-12-19,85,88,19,42,51,116,75,62,57
2018-12-20,76,78,20,36,34,87,66,50,46
2018-12-21,68,64,13,32,27,66,44,45,34
2018-12-22,60,48,6,23,27,48,37,38,32
2018-12-23,53,43,6,23,25,53,42,34,31
2018-12-24,57,39,5,20,23,52,40,27,18
2018-12-25,59,42,15,18,28,55,41,28,19
2018-12-26,65,44,18,19,30,51,44,31,21
2018-12-27,73,47,18,21,39,63,43,31,19
2018-12-28,79,52,18,27,47,74,59,40,18
2018-12-29,81,53,25,30,54,84,66,40,15
2018-12-30,75,52,25,31,58,83,63,39,9
2018-12-31,65,51,24,33,61,85,61,38,9
2019-01-01,84,66,14,44,67,98,73,39,15
2019-01-02,116,74,19,57,83,126,90,34,23
2019-01-03,124,83,22,55,93,131,96,58,26
2019-01-04,159,92,30,57,97,139,102,60,46
2019-01-05,175,96,32,66,96,139,104,79,104
2019-01-06,180,100,34,67,92,134,102,85,119
2019-01-07,155,97,38,64,92,128,104,80,116
2019-01-08,192,103,46,57,100,130,101,87,137
2019-01-09,179,103,76,54,95,124,100,87,137
2019-01-10,164,103,89,73,84,136,110,81,151
2019-01-11,156,96,86,70,76,153,102,78,126
2019-01-12,158,112,81,71,82,146,104,84,99
2019-01-13,163,107,79,68,81,145,105,83,83
2019-01-14,114,95,73,66,81,150,106,82,67
2019-01-15,121,88,65,67,67,155,102,85,57
2019-01-16,87,87,43,58,70,151,100,84,57
2019-01-17,99,88,36,49,70,148,99,86,46
2019-01-18,96,85,38,47,72,124,103,77,45
2019-01-19,94,82,39,42,63,137,101,67,43
2019-01-20,92,81,39,45,64,139,101,62,45
2019-01-21,81,81,39,41,64,137,100,52,45
2019-01-22,98,92,35,46,68,138,109,55,44
2019-01-23,97,94,29,54,66,147,123,60,65
2019-01-24,88,90,31,54,75,150,124,48,74
2019-01-25,91,86,39,62,78,157,113,56,103
2019-01-26,91,86,40,68,77,153,118,71,102
2019-01-27,97,91,40,69,81,154,118,73,102
2019-01-28,89,94,40,66,80,156,121,72,98
2019-01-29,81,88,41,66,82,160,107,76,91
2019-01-30,108,77,56,69,96,143,107,77,77
2019-01-31,117,85,55,60,98,134,97,78,75
2019-02-01,111,89,52,59,107,139,116,91,76
2019-02-02,104,79,50,60,111,138,117,90,92
2019-02-03,99,74,53,63,111,140,120,86,94
2019-02-04,92,63,53,63,110,137,117,76,89
2019-02-05,98,73,52,69,112,129,129,82,100
2019-02-06,103,79,44,86,97,151,126,80,104
2019-02-07,109,78,48,91,84,156,130,74,115
2019-02-08,126,93,45,91,78,152,109,67,108
2019-02-09,138,99,46,90,84,157,101,83,108
2019-02-10,147,103,50,91,79,158,98,83,106
2019-02-11,138,98,49,103,76,159,102,77,109
2019-02-12,133,117,57,99,71,159,94,79,145
2019-02-13,130,126,58,94,69,155,86,75,156
2019-02-14,125,124,48,89,85,152,88,81,148
2019-02-15,119,123,54,93,86,153,98,107,134
2019-02-16,123,122,55,103,94,142,107,100,147
2019-02-17,118,121,52,106,98,137,113,98,168
2019-02-18,110,111,48,89,99,136,111,94,148
2019-02-19,133,88,45,83,103,135,115,87,122
2019-02-20,111,80,49,83,107,139,127,86,110
2019-02-21,96,71,70,86,91,138,135,60,116
2019-02-22,97,70,71,82,89,133,137,68,117
2019-02-23,117,71,80,85,78,136,142,68,122
2019-02-24,118,73,75,79,75,136,138,67,101
2019-02-25,97,73,77,80,78,135,137,72,94
2019-02-26,91,87,71,84,78,137,158,75,82
2019-02-27,140,94,58,89,88,131,149,84,75
2019-02-28,125,97,49,98,102,119,153,98,83
2019-03-01,123,106,45,104,106,120,151,86,70
2019-03-02,127,110,44,108,110,122,149,102,71
2019-03-03,120,108,48,110,110,124,150,96,71
2019-03-04,109,99,43,108,106,123,149,101,69
2019-03-05,99,93,46,114,95,113,129,129,72
2019-03-06,79,86,56,105,86,116,127,130,77
2019-03-07,85,85,48,104,79,136,117,112,69
2019-03-08,94,72,50,87,89,134,115,117,73
2019-03-09,96,79,44,81,87,134,104,108,68
2019-03-10,96,82,44,81,88,134,104,102,69
2019-03-11,96,82,42,76,88,140,102,87,68
2019-03-12,96,81,44,65,94,139,97,67,62
2019-03-13,95,77,37,67,94,143,95,61,55
2019-03-14,101,88,35,63,99,139,95,59,59
2019-03-15,104,83,49,72,92,149,91,46,66
2019-03-16,112,93,65,68,93,148,92,49,73
2019-03-17,111,88,61,65,96,150,89,49,84
2019-03-18,101,87,61,62,98,144,92,52,82
2019-03-19,82,71,48,47,82,127,79,41,74
2019-03-20,60,62,44,33,67,94,56,35,54
2019-03-21,41,41,38,26,51,64,37,22,44
2019-03-22,20,25,20,13,27,34,19,14,29
2019-03-23,7,3,2,7,9,8,6,8,12
2019-03-24,3,1,1,2,3,2,4,2,0
